{
  "users": [
    {
      "fullName": "Sơn Thành",
      "username": "sonthanhprocute",
      "password": "Sonthanh123",
      "token": "Nr5sikxU83AtdXAHpkdM",
      "id": 1
    },
    {
      "fullName": "Trần Nguyễn Sơn Thành",
      "username": "trannguyensonthanh",
      "password": "Sonthanh@0305",
      "token": "admin0305",
      "id": 2
    }
  ],
  "beverages": [
    {
      "id": 1,
      "title": "Apple Juice",
      "description": " Freshly squeezed apple juice, 100% natural. Sản phẩm là sự kết hợp hoàn hảo từ các trái táo tươi, được ép lấy nước, đảm bảo độ tươi ngon và an toàn cho sức khỏe. Không chứa chất bảo quản hay đường tăng cường. Đây là lựa chọn hoàn hảo cho những người yêu thích thức uống tự nhiên và lành mạnh.",
      "price": 37000,
      "discountPercentage": 0,
      "rating": 4.6,
      "stock": 65,
      "brand": "Nature's Best",
      "category": "Fruit Juice",
      "Quantity": 22,
      "thumbnail": "https://encrypted-tbn0.gstatic.com/images?q=tbn:ANd9GcQVPSqNcc6Su-WBmQKQi7ZmNQzLZcfwh9O05Q&usqp=CAU",
      "images": [
        "https://i.pinimg.com/236x/cd/f6/3c/cdf63c34f8768539fb1d30f133f585dd.jpg",
        "https://i.pinimg.com/236x/07/92/e8/0792e8216e85a2cb6ecc249f17a13bbc.jpg",
        "https://i.pinimg.com/236x/55/55/7a/55557a017b3ac00f143823298c8ea599.jpg",
        "https://i.pinimg.com/236x/21/ff/7e/21ff7ef76f32d75208abd60ad024201b.jpg"
      ]
    },
    {
      "id": 2,
      "title": "Grape Juice",
      "description": "Refreshing grape juice, made from the finest grapes.",
      "price": 22000,
      "discountPercentage": 0,
      "rating": 4.7,
      "stock": 55,
      "brand": "Vineyard Delights",
      "category": "Fruit Juice",
      "Quantity": 100,
      "thumbnail": "https://encrypted-tbn0.gstatic.com/images?q=tbn:ANd9GcSjOgemRvwqOqnq_wY8xY0grHFvbZdGMSIJ_w&usqp=CAU",
      "images": [
        "https://i.pinimg.com/236x/77/68/25/77682536eb8c1dbb5f09888ad8a27691.jpg",
        "https://i.pinimg.com/236x/38/d7/4a/38d74a46dceb1678d95fa96a6e6906db.jpg",
        "https://i.pinimg.com/236x/db/9c/92/db9c9235f5afffacad11e861fc071d62.jpg",
        "https://i.pinimg.com/236x/74/1b/ad/741badbb035c07ac2af1315130fa2bbb.jpg"
      ]
    },
    {
      "id": 3,
      "title": "Orange Juice",
      "description": "Freshly squeezed orange juice, packed with vitamin C.",
      "price": 45000,
      "discountPercentage": 10,
      "rating": 4.8,
      "stock": 70,
      "brand": "Citrus Delights",
      "category": "Fruit Juice",
      "Quantity": 221,
      "thumbnail": "https://i.pinimg.com/236x/e8/83/11/e883111f192dfbd651413b7cde8f4114.jpg",
      "images": [
        "https://i.pinimg.com/236x/e7/fd/41/e7fd413f9eb0f1425c39aafb25843068.jpg",
        "https://i.pinimg.com/236x/d1/74/9b/d1749b142061654ad2d205efdd609be8.jpg",
        "https://i.pinimg.com/236x/2d/77/4e/2d774e414042779b486e607e91cdf52e.jpg",
        "https://i.pinimg.com/236x/75/c9/77/75c977652567f7a4764bc2573ee552fd.jpg"
      ]
    },
    {
      "id": 4,
      "title": "Mango Juice",
      "description": "Sweet and tangy mango juice, perfect for a tropical treat.",
      "price": 30000,
      "discountPercentage": 0,
      "rating": 4.7,
      "stock": 60,
      "brand": "Tropical Paradise",
      "category": "Fruit Juice",
      "Quantity": 54,
      "thumbnail": "https://i.pinimg.com/236x/e9/11/c7/e911c732a62e9bf7f7f1d20b1c2a65ee.jpg",
      "images": [
        "https://i.pinimg.com/236x/7b/b3/3f/7bb33f4149df29b815250928ccd6b549.jpg",
        "https://i.pinimg.com/236x/52/5d/0b/525d0b62ea336101d4abb424690eeb94.jpg",
        "https://i.pinimg.com/236x/36/43/2f/36432f59e7b0c761283d1b6f1eaa9a95.jpg",
        "https://i.pinimg.com/236x/ba/f4/15/baf4152ab2b514f1aeee3025b9ce3a8e.jpg"
      ]
    },
    {
      "id": 5,
      "title": "Pineapple Juice",
      "description": "Tropical pineapple juice with a burst of tropical flavor.",
      "price": 22000,
      "discountPercentage": 0,
      "rating": 4.7,
      "stock": 48,
      "brand": "Tropical Delights",
      "category": "Fruit Juice",
      "Quantity": 90,
      "thumbnail": "https://i.pinimg.com/236x/2b/2a/bc/2b2abc91fb2135822d295b172edc7847.jpg",
      "images": [
        "https://i.pinimg.com/236x/d2/f5/0e/d2f50e5c76c2449ab0d4b4ee4c6cc2b4.jpg",
        "https://i.pinimg.com/236x/b4/53/81/b4538182ae4ebbd10948437a48ae4e5d.jpg",
        "https://i.pinimg.com/236x/3a/73/73/3a737303356c480d591c0fb27856511b.jpg",
        "https://i.pinimg.com/236x/86/48/d7/8648d72e3dd343876913204abc95ef3d.jpg"
      ]
    },
    {
      "id": 6,
      "title": "Mango Passion Fruit Juice",
      "description": "A delightful blend of mango and passion fruit for a tropical taste.",
      "price": 40000,
      "discountPercentage": 0,
      "rating": 4.8,
      "stock": 63,
      "brand": "Tropical Oasis",
      "category": "Fruit Juice",
      "Quantity": 42,
      "thumbnail": "https://i.pinimg.com/236x/f3/e1/c6/f3e1c61fed47f0da88f17b62d36d82b7.jpg",
      "images": [
        "https://i.pinimg.com/236x/91/c7/0f/91c70fc63bd05d5f01f7a225ae109afe.jpg",
        "https://i.pinimg.com/236x/c6/c3/a9/c6c3a946be26a9aa9d4ef2be346fc3ff.jpg",
        "https://i.pinimg.com/236x/af/58/3e/af583ee2d087172398cebf93937e58cf.jpg",
        "https://i.pinimg.com/236x/09/e6/14/09e6142e9858253f81c2deebc96ec0f2.jpg"
      ]
    },
    {
      "id": 7,
      "title": "Watermelon Juice",
      "description": "Juicy and refreshing watermelon juice, perfect for a hot summer day.",
      "price": 27000,
      "discountPercentage": 0,
      "rating": 4.6,
      "stock": 50,
      "brand": "Fruit Paradise",
      "category": "Fruit Juice",
      "Quantity": 15,
      "thumbnail": "https://i.pinimg.com/236x/ab/4d/bf/ab4dbf38511651da712fb3f85d4d11f5.jpg",
      "images": [
        "https://i.pinimg.com/236x/8c/3d/46/8c3d46f6c64c5d0f3a7c864a8261b119.jpg",
        "https://i.pinimg.com/236x/b0/96/14/b09614abfd53317129320e8071aee27e.jpg",
        "https://i.pinimg.com/236x/ea/f4/73/eaf4730bb8f0e18581728378543c6894.jpg",
        "https://i.pinimg.com/236x/7c/ff/dd/7cffdd161e9db0b4fac50b60e348c735.jpg"
      ]
    },
    {
      "id": 8,
      "title": "Mango Tango Juice",
      "description": "Exotic mango juice with a tropical twist, a burst of flavor in every sip.",
      "price": 36000,
      "discountPercentage": 0,
      "rating": 4.8,
      "stock": 70,
      "brand": "Tropical Delights",
      "category": "Fruit Juice",
      "Quantity": 289,
      "thumbnail": "https://i.pinimg.com/236x/9b/a4/06/9ba4062b81fabae428597348b63dc7e3.jpg",
      "images": [
        "https://i.pinimg.com/236x/14/64/b0/1464b0443b8f40acb7228fc535d423a1.jpg",
        "https://i.pinimg.com/236x/9a/3c/cb/9a3ccb8f6b01ba52d9af4e1e3f9f8dd6.jpg",
        "https://i.pinimg.com/236x/a0/c0/c7/a0c0c77efa3e8fabdfa1c2af6503adae.jpg",
        "https://i.pinimg.com/236x/ba/c3/96/bac396c4b1eda38f84afadb86556a2fe.jpg"
      ]
    },
    {
      "id": 9,
      "title": "Citrus Burst",
      "description": "Zesty citrus juice blend, a burst of tangy and sweet flavors in every sip.",
      "price": 47000,
      "discountPercentage": 0,
      "rating": 4.8,
      "stock": 55,
      "brand": "Sunshine Juicery",
      "category": "Fruit Juice",
      "Quantity": 62,
      "thumbnail": "https://i.pinimg.com/236x/f9/16/79/f9167999f6b50b8b5faf170a0c5840f3.jpg",
      "images": [
        "https://i.pinimg.com/474x/35/e7/92/35e7926a1cf4bd507e90590a801c2877.jpg",
        "https://i.pinimg.com/236x/a0/a0/1b/a0a01b5b53cdc4241a6f2436833c4d65.jpg",
        "https://i.pinimg.com/236x/f9/0a/5d/f90a5db9cc244c08e67e7f98167e3aa5.jpg",
        "https://i.pinimg.com/236x/90/de/df/90dedf8d9abd9eebe7eff50235ec8b0e.jpg"
      ]
    },
    {
      "id": 10,
      "title": "Berry Blast Smoothie",
      "description": "A delicious smoothie packed with a variety of mixed berries and yogurt.",
      "price": 50000,
      "discountPercentage": 20,
      "rating": 4.8,
      "stock": 55,
      "brand": "Smoothie Sensations",
      "category": "Fruit Smoothie",
      "Quantity": 38,
      "thumbnail": "https://i.pinimg.com/236x/e9/5f/6f/e95f6fae67e1b67c72a34a703273bff4.jpg",
      "images": [
        "https://i.pinimg.com/236x/10/92/8c/10928cf9956de354517c30aef5c8f058.jpg",
        "https://i.pinimg.com/236x/a2/2d/34/a22d34d7c340536367db0e9555442d28.jpg",
        "https://i.pinimg.com/236x/46/62/d7/4662d7c888ce63b65f9eb1622ada9100.jpg",
        "https://i.pinimg.com/236x/4f/12/b1/4f12b144d8723669cb2933f7b2727f83.jpg"
      ]
    },
    {
      "id": 11,
      "title": "Tropical Sunrise Smoothie",
      "description": "Start your day with this tropical smoothie that combines fresh fruits and coconut milk.",
      "price": 45000,
      "discountPercentage": 0,
      "rating": 4.7,
      "stock": 62,
      "brand": "Smoothie Sensations",
      "category": "Fruit Smoothie",
      "Quantity": 124,
      "thumbnail": "https://i.pinimg.com/236x/9f/8e/5f/9f8e5f9bdf4f3bca73ce2afe5f2ff90c.jpg",
      "images": [
        "https://i.pinimg.com/236x/aa/1e/c9/aa1ec9ba25292ce39876a237f78dbc69.jpg",
        "https://i.pinimg.com/236x/6f/26/7b/6f267bc33ac635534e278ab4845c3e55.jpg",
        "https://i.pinimg.com/236x/53/79/90/537990f68b5939275fa16b17f021601e.jpg",
        "https://i.pinimg.com/236x/cc/64/02/cc640233570d180b7279d8d902abfedd.jpg"
      ]
    },
    {
      "id": 12,
      "title": "Mango Tango Smoothie",
      "description": "A refreshing smoothie made from ripe mangoes and a hint of lime.",
      "price": 70000,
      "discountPercentage": 20,
      "rating": 4.9,
      "stock": 48,
      "brand": "Smoothie Sensations",
      "category": "Fruit Smoothie",
      "Quantity": 78,
      "thumbnail": "https://i.pinimg.com/236x/d3/e3/b5/d3e3b5559f4c237bb6e2a186b59a2f27.jpg",
      "images": [
        "https://i.pinimg.com/236x/df/58/ce/df58ce68095e28dfd2b23547377a0e13.jpg",
        "https://i.pinimg.com/236x/46/20/12/4620121dbc3ed8fdba7d5f3bd6010855.jpg",
        "https://i.pinimg.com/236x/8e/5a/a5/8e5aa5850510b26d4cb4d7ba5ed51756.jpg",
        "https://i.pinimg.com/236x/51/a2/d3/51a2d331b8d51aa73125e943a82dd197.jpg"
      ]
    },
    {
      "id": 13,
      "title": "Green Reviver Smoothie",
      "description": "A nutritious green smoothie with spinach, kale, and other healthy ingredients.",
      "price": 30000,
      "discountPercentage": 0,
      "rating": 4.6,
      "stock": 39,
      "brand": "Smoothie Sensations",
      "category": "Fruit Smoothie",
      "Quantity": 43,
      "thumbnail": "https://i.pinimg.com/236x/51/16/4b/51164b6b902a79577c6ff93ac894edb1.jpg",
      "images": [
        "https://i.pinimg.com/236x/51/16/4b/51164b6b902a79577c6ff93ac894edb1.jpg",
        "https://i.pinimg.com/236x/41/c1/ec/41c1ec598ef027463894f25336989946.jpg",
        "https://i.pinimg.com/236x/a9/69/f1/a969f1d7301a5b5fdf722a1f50593fbf.jpg",
        "https://i.pinimg.com/236x/45/10/cd/4510cda0f7b5c5a592cfedf811609327.jpg"
      ]
    },
    {
      "id": 14,
      "title": "Berry Bliss Smoothie",
      "description": "A delightful blend of mixed berries for a sweet and tangy flavor.",
      "price": 42000,
      "discountPercentage": 0,
      "rating": 4.8,
      "stock": 55,
      "brand": "Smoothie Sensations",
      "category": "Fruit Smoothie",
      "Quantity": 3,
      "thumbnail": "https://i.pinimg.com/236x/ad/b2/13/adb213642d3ae2549375cc0a273afb59.jpg",
      "images": [
        "https://i.pinimg.com/236x/76/d6/8a/76d68a53e324ef466c1750bd3c7dfe3b.jpg",
        "https://i.pinimg.com/236x/b2/e5/63/b2e563a664c4fb995f00809da794b830.jpg",
        "https://i.pinimg.com/236x/18/be/e2/18bee20295be7f6f23f73ca2a7cc2adf.jpg",
        "https://i.pinimg.com/236x/a3/b0/e4/a3b0e4fc879512e9c3d5b3bc442622a3.jpg"
      ]
    },
    {
      "id": 15,
      "title": "Tropical Delight Smoothie",
      "description": "A tropical paradise in a cup, featuring pineapple, mango, and coconut.",
      "price": 110000,
      "discountPercentage": 10,
      "rating": 4.7,
      "stock": 48,
      "brand": "Smoothie Sensations",
      "category": "Fruit Smoothie",
      "Quantity": 32,
      "thumbnail": "https://i.pinimg.com/236x/91/a7/6b/91a76be47f8952398547c8652ab7fd30.jpg",
      "images": [
        "https://i.pinimg.com/236x/9f/03/41/9f034105c17e75fe0dd3617ce33dd264.jpg",
        "https://i.pinimg.com/236x/27/2f/81/272f8132b54f8cd406897df4498825a5.jpg",
        "https://i.pinimg.com/236x/8a/15/a9/8a15a96d918d5aea2e58325e635de9ef.jpg",
        "https://i.pinimg.com/236x/80/cc/73/80cc732f00bd85e6842271850bd9ef78.jpg"
      ]
    },
    {
      "id": 16,
      "title": "Strawberry Smoothie",
      "description": "A delicious and refreshing strawberry smoothie made from ripe, juicy strawberries.",
      "price": 65000,
      "discountPercentage": 0,
      "rating": 4.8,
      "stock": 50,
      "brand": "Smoothie Delights",
      "category": "Fruit Smoothie",
      "Quantity": 12,
      "thumbnail": "https://i.pinimg.com/236x/61/17/99/6117996402ac81f5f53bd656fd188eb8.jpg",
      "images": [
        "https://i.pinimg.com/236x/20/97/6b/20976bbe23bed058731982538f938ac4.jpg",
        "https://i.pinimg.com/236x/4e/9c/69/4e9c696f66a50a5434aafbc1896cb395.jpg",
        "https://i.pinimg.com/236x/a3/b0/e4/a3b0e4fc879512e9c3d5b3bc442622a3.jpg",
        "https://i.pinimg.com/236x/61/17/99/6117996402ac81f5f53bd656fd188eb8.jpg"
      ]
    },
    {
      "id": 17,
      "title": "Durian Smoothie",
      "description": "A rich and creamy durian smoothie made from the finest durian fruit.",
      "price": 80000,
      "discountPercentage": 20,
      "rating": 4.6,
      "stock": 40,
      "brand": "Tropical Treats",
      "category": "Fruit Smoothie",
      "Quantity": 30,
      "thumbnail": "https://i.pinimg.com/236x/a9/69/18/a9691800f51252178f516c278b5083a4.jpg",
      "images": [
        "https://i.pinimg.com/236x/a9/69/18/a9691800f51252178f516c278b5083a4.jpg",
        "https://i.pinimg.com/236x/11/69/25/116925f1f2bc1ccb263d9e6220d951d1.jpg",
        "https://i.pinimg.com/236x/7d/c7/df/7dc7dfe06cdc68817ca870abccf29963.jpg",
        "https://i.pinimg.com/736x/ed/56/12/ed56120c04400ba8ef0e28a56749ec97.jpg"
      ]
    },
    {
      "id": 18,
      "title": "Avocado Smoothie",
      "description": "A healthy and delicious avocado smoothie made with ripe avocados and natural ingredients.",
      "price": 35000,
      "discountPercentage": 0,
      "rating": 4.7,
      "stock": 50,
      "brand": "FreshBlends",
      "category": "Fruit Smoothie",
      "Quantity": 62,
      "thumbnail": "https://i.pinimg.com/236x/e9/3a/b6/e93ab6826b016319aad6feb5af0ac345.jpg",
      "images": [
        "https://i.pinimg.com/236x/d4/1c/4e/d41c4ec3fef06f87e6c3bbcfa25392d1.jpg",
        "https://i.pinimg.com/236x/b1/50/70/b150708d7c81285d28235c124cc16cf9.jpg",
        "https://i.pinimg.com/236x/e9/3a/b6/e93ab6826b016319aad6feb5af0ac345.jpg",
        "https://i.pinimg.com/236x/f8/16/82/f81682ee5177f4782de3bfc506ab4f03.jpg"
      ]
    },
    {
      "id": 19,
      "title": "Carrot Smoothie",
      "description": "A refreshing and healthy carrot smoothie made with fresh carrots and natural ingredients.",
      "price": 40000,
      "discountPercentage": 0,
      "rating": 4.6,
      "stock": 45,
      "brand": "FreshBlends",
      "category": "Fruit Smoothie",
      "Quantity": 9,
      "thumbnail": "https://i.pinimg.com/236x/df/64/ee/df64eec85361ca3d8a5e046bb7e57a12.jpg",
      "images": [
        "https://i.pinimg.com/236x/78/c7/bc/78c7bc2864ad3b62ee717f6e133b982b.jpg",
        "https://i.pinimg.com/236x/b1/53/98/b15398919c8ff873328adba3757b39e0.jpg",
        "https://i.pinimg.com/236x/93/d5/f1/93d5f1f00c09d786c6d6bb28b1ceb949.jpg",
        "https://i.pinimg.com/236x/10/d5/82/10d5820b5f42f7a495914ccbc4365a72.jpg"
      ]
    },
    {
      "id": 20,
      "title": "Caramel Macchiato",
      "description": "A delicious caramel macchiato made with freshly brewed espresso, steamed milk, and caramel syrup.",
      "price": 55000,
      "discountPercentage": 15,
      "rating": 4.7,
      "stock": 65,
      "brand": "Coffee Delights",
      "category": "Coffee Beverages",
      "Quantity": 92,
      "thumbnail": "https://i.pinimg.com/236x/4d/7a/6f/4d7a6fa6fabd931a57161c7b1bb8f725.jpg",
      "images": [
        "https://i.pinimg.com/236x/df/ee/0b/dfee0b9ae97c5bcc868ac2de9b5ca6cc.jpg",
        "https://i.pinimg.com/236x/7f/7c/0a/7f7c0a441577459d9a0a01ee28b59cc5.jpg",
        "https://i.pinimg.com/236x/d2/0c/e6/d20ce6b882f53f35c58738dab963434b.jpg",
        "https://i.pinimg.com/236x/4d/7a/6f/4d7a6fa6fabd931a57161c7b1bb8f725.jpg"
      ]
    },
    {
      "id": 21,
      "title": "Milk Coffee",
      "description": "A delightful combination of freshly brewed coffee and creamy milk.",
      "price": 35000,
      "discountPercentage": 0,
      "rating": 4.6,
      "stock": 45,
      "brand": "Café Delights",
      "category": "Coffee Beverages",
      "Quantity": 502,
      "thumbnail": "https://i.pinimg.com/236x/58/e2/ab/58e2ab68af739c3f4665d8d3250e2395.jpg",
      "images": [
        "https://i.pinimg.com/236x/5c/e3/45/5ce345185f354ffe263150fcaadba94d.jpg",
        "https://i.pinimg.com/236x/58/a7/b6/58a7b6a4cdccfc9ee7629bdcf98e42ac.jpg",
        "https://i.pinimg.com/236x/38/b4/3f/38b43fe42ed009093906eb380784fe54.jpg",
        "https://i.pinimg.com/236x/58/e2/ab/58e2ab68af739c3f4665d8d3250e2395.jpg"
      ]
    },
    {
      "id": 22,
      "title": "Iced Mocha",
      "description": "A refreshing iced mocha made with espresso, milk, cocoa, and a hint of sweetness.",
      "price": 120000,
      "discountPercentage": 30,
      "rating": 4.6,
      "stock": 57,
      "brand": "Café Elegance",
      "category": "Coffee Beverages",
      "Quantity": 223,
      "thumbnail": "https://i.pinimg.com/236x/64/06/d6/6406d6ea581d7e87f22bff8f10a92944.jpg",
      "images": [
        "https://i.pinimg.com/236x/b2/ec/99/b2ec998bc22d3d12d0a6bed7ac823020.jpg",
        "https://i.pinimg.com/236x/cb/b1/6c/cbb16ce1bd7df3c5a5c3e3e8e41fb2f3.jpg",
        "https://i.pinimg.com/236x/1e/cd/11/1ecd11054d81ca5af94db598db89406e.jpg",
        "https://i.pinimg.com/236x/64/06/d6/6406d6ea581d7e87f22bff8f10a92944.jpg"
      ]
    },
    {
      "id": 23,
      "title": "Espresso",
      "description": "A classic shot of rich and bold espresso, made with the finest coffee beans, perfect for coffee purists.",
      "price": 90000,
      "discountPercentage": 10,
      "rating": 4.9,
      "stock": 70,
      "brand": "Espresso Delight",
      "category": "Coffee Beverages",
      "Quantity": 7,
      "thumbnail": "https://i.pinimg.com/236x/8a/50/9e/8a509e80a255b25b54774a4437debf0e.jpg",
      "images": [
        "https://i.pinimg.com/236x/6f/08/73/6f0873a70d373f4d3840275fa4b717f7.jpg",
        "https://i.pinimg.com/236x/d4/5e/7a/d45e7abc19d3a09ab4fab3c974ef77fd.jpg",
        "https://i.pinimg.com/236x/07/b7/e9/07b7e99bb01cca8732387d18919b2b4e.jpg",
        "https://i.pinimg.com/236x/8a/50/9e/8a509e80a255b25b54774a4437debf0e.jpg"
      ]
    },
    {
      "id": 24,
      "title": "Latte",
      "description": "A creamy and indulgent latte, perfect for those who enjoy the combination of rich espresso and steamed milk.",
      "price": 79000,
      "discountPercentage": 0,
      "rating": 4.8,
      "stock": 65,
      "brand": "Latte Delights",
      "category": "Coffee Beverages",
      "Quantity": 22,
      "thumbnail": "https://i.pinimg.com/236x/dd/0f/b6/dd0fb6334c20698a855a4ca4926bcdeb.jpg",
      "images": [
        "https://i.pinimg.com/236x/97/84/40/978440fe09d65d3d1c461e614bd150d5.jpg",
        "https://i.pinimg.com/236x/a1/d8/8c/a1d88cadc7f1b9fd65238f39ae295d1b.jpg",
        "https://i.pinimg.com/236x/dd/d3/5a/ddd35a442b038fe243c7e9625c48986a.jpg",
        "https://i.pinimg.com/236x/dd/0f/b6/dd0fb6334c20698a855a4ca4926bcdeb.jpg"
      ]
    },
    {
      "id": 25,
      "title": "Americano",
      "description": "A classic Americano coffee with a rich and robust flavor. Made from espresso and hot water.",
      "price": 45000,
      "discountPercentage": 0,
      "rating": 4.5,
      "stock": 55,
      "brand": "Americano Elegance",
      "category": "Coffee Beverages",
      "Quantity": 22,
      "thumbnail": "https://i.pinimg.com/236x/f5/8e/c2/f58ec2d7d6803eefb311551ed1b18f43.jpg",
      "images": [
        "https://i.pinimg.com/236x/58/52/f3/5852f3a48cd187e632ea1eadcb4c2309.jpg",
        "https://i.pinimg.com/236x/1e/68/f4/1e68f43bdb92a8805f33cce4cd5a4364.jpg",
        "https://i.pinimg.com/236x/f5/8e/c2/f58ec2d7d6803eefb311551ed1b18f43.jpg",
        "https://i.pinimg.com/236x/cb/48/db/cb48db04009801523739569e0f33cfc3.jpg"
      ]
    },
    {
      "id": 26,
      "title": "Black Coffee",
      "description": "A strong and bold black coffee with no additives. Perfect for black coffee enthusiasts.",
      "price": 30000,
      "discountPercentage": 0,
      "rating": 4.8,
      "stock": 65,
      "brand": "CoffeeCraft",
      "category": "Coffee Beverages",
      "Quantity": 22,
      "thumbnail": "https://i.pinimg.com/236x/07/e9/99/07e99903759795bc3d0de1c0e7612deb.jpg",
      "images": [
        "https://i.pinimg.com/236x/73/c6/f1/73c6f1a3d69fff0247fe5db18fbe7f71.jpg",
        "https://i.pinimg.com/236x/a1/23/ae/a123ae57abbd86719a445512208ef97a.jpg",
        "https://i.pinimg.com/236x/54/19/fb/5419fb0aded5e0448ad94ad5271c5258.jpg",
        "https://i.pinimg.com/236x/21/28/25/2128258ed541bb0fc4aa64e1624206ce.jpg"
      ]
    },
    {
      "id": 27,
      "title": "Cappuccino",
      "description": "A classic Italian cappuccino with rich espresso, steamed milk, and a creamy foam topping.",
      "price": 70000,
      "discountPercentage": 0,
      "rating": 4.6,
      "stock": 50,
      "brand": "CoffeeCraft",
      "category": "Coffee Beverages",
      "Quantity": 22,
      "thumbnail": "https://i.pinimg.com/236x/50/f1/7c/50f17c380525acf16c5ad8df185b1554.jpg",
      "images": [
        "https://i.pinimg.com/236x/45/38/10/453810958154922d419b4afb3ffda0c5.jpg",
        "https://i.pinimg.com/236x/9d/88/b1/9d88b1aff2041fe5095d8fa1eea8977f.jpg",
        "https://i.pinimg.com/236x/50/f1/7c/50f17c380525acf16c5ad8df185b1554.jpg",
        "https://i.pinimg.com/236x/41/3e/c7/413ec74a68481ef01743fe316c867c48.jpg"
      ]
    },
    {
      "id": 28,
      "title": "Drip Coffee",
      "description": "Smooth and aromatic drip coffee brewed to perfection.",
      "price": 45000,
      "discountPercentage": 0,
      "rating": 4.5,
      "stock": 60,
      "brand": "CoffeeCraft",
      "category": "Coffee Beverages",
      "Quantity": 22,
      "thumbnail": "https://i.pinimg.com/236x/87/8d/60/878d60fd685d067312f52d4dfb585156.jpg",
      "images": [
        "https://i.pinimg.com/236x/e5/32/53/e53253c80d97c3c0678ca5705c0eb8f4.jpg",
        "https://i.pinimg.com/236x/06/d7/93/06d79363d9fee6c2f6584a4d41b7253a.jpg",
        "https://i.pinimg.com/236x/20/38/40/2038407a1c8b970114ba38cdc9bae31f.jpg",
        "https://i.pinimg.com/236x/6d/e4/47/6de447b53a145c8a3c9f1ba0c593f331.jpg"
      ]
    },
    {
      "id": 29,
      "title": "Bạc Xỉu (Vietnamese Iced Coffee)",
      "description": "Traditional Vietnamese iced coffee with a perfect blend of coffee and sweetened condensed milk.",
      "price": 67000,
      "discountPercentage": 10,
      "rating": 4.8,
      "stock": 50,
      "brand": "Saigon Coffee Co.",
      "category": "Coffee Beverages",
      "Quantity": 22,
      "thumbnail": "https://i.pinimg.com/236x/ed/b8/96/edb89693448fd30a939a17755392d65e.jpg",
      "images": [
        "https://i.pinimg.com/236x/a1/2b/b8/a12bb8b26233db2f5acca24282981a51.jpg",
        "https://i.pinimg.com/236x/4c/c7/5f/4cc75fbd849b11a6976de84caf5459be.jpg",
        "https://i.pinimg.com/236x/96/93/8c/96938cf7782796801cc0a8a7252f4ff8.jpg",
        "https://i.pinimg.com/236x/38/b4/3f/38b43fe42ed009093906eb380784fe54.jpg"
      ]
    },
    {
      "id": 30,
      "title": "Classic Milk Tea",
      "description": "A classic and delicious milk tea with a perfect blend of black tea and creamy milk.",
      "price": 22000,
      "discountPercentage": 0,
      "rating": 4.8,
      "stock": 60,
      "brand": "Tea Delights",
      "category": "Milk Tea",
      "Quantity": 22,
      "thumbnail": "https://i.pinimg.com/564x/84/8c/40/848c40991566e2096c3cb442f9905be6.jpg",
      "images": [
        "https://i.pinimg.com/236x/aa/f4/61/aaf461a868ea21c43024558d76b14268.jpg",
        "https://i.pinimg.com/236x/f5/a0/9c/f5a09c78fb6e461eb726fe1078d88e87.jpg",
        "https://i.pinimg.com/236x/6a/1f/e0/6a1fe084f178ce0a3469ca16fbefe840.jpg",
        "https://i.pinimg.com/236x/84/8c/40/848c40991566e2096c3cb442f9905be6.jpg"
      ]
    },
    {
      "id": 31,
      "title": "Honey Milk Tea",
      "description": "A delightful blend of honey-infused black tea and creamy milk for a sweet and soothing experience.",
      "price": 20000,
      "discountPercentage": 0,
      "rating": 4.6,
      "stock": 45,
      "brand": "Tea Haven",
      "category": "Milk Tea",
      "Quantity": 22,
      "thumbnail": "https://i.pinimg.com/236x/83/2a/3a/832a3a8335bdc33f5fffdad9283a4437.jpg",
      "images": [
        "https://i.pinimg.com/236x/13/26/54/132654fa0f07188501202c29a83ae94e.jpg",
        "https://i.pinimg.com/236x/31/e4/b0/31e4b0612d2d8f0e83504cb6bdae1b20.jpg",
        "https://i.pinimg.com/236x/80/ef/ba/80efbabc2fb4fa51fd615b64f697b632.jpg",
        "https://i.pinimg.com/236x/17/34/90/173490018f289b4616f1e07176d6931d.jpg"
      ]
    },
    {
      "id": 32,
      "title": "Matcha Milk Tea",
      "description": "A delightful and refreshing matcha milk tea with a perfect balance of matcha and creamy milk.",
      "price": 30000,
      "discountPercentage": 15,
      "rating": 4.9,
      "stock": 25,
      "brand": "Zen Tea",
      "category": "Milk Tea",
      "Quantity": 22,
      "thumbnail": "https://i.pinimg.com/236x/13/72/98/1372984fa30b23c59157499167ea64d9.jpg",
      "images": [
        "https://i.pinimg.com/236x/97/84/40/978440fe09d65d3d1c461e614bd150d5.jpg",
        "https://i.pinimg.com/236x/1c/0d/9a/1c0d9ab7f875564cc3121d8d9b083c93.jpg",
        "https://i.pinimg.com/236x/7c/10/78/7c1078d4e23e24fdf8ae2555fe72eddc.jpg",
        "https://i.pinimg.com/236x/13/72/98/1372984fa30b23c59157499167ea64d9.jpg"
      ]
    },
    {
      "id": 33,
      "title": "Black Sugar Bubble Milk Tea",
      "description": "An indulgent and rich black sugar bubble milk tea, perfect for those who love a sweet and creamy treat.",
      "price": 39000,
      "discountPercentage": 0,
      "rating": 4.8,
      "stock": 30,
      "brand": "Sweetea Delights",
      "category": "Milk Tea",
      "Quantity": 22,
      "thumbnail": "https://i.pinimg.com/236x/a4/c2/c4/a4c2c4db2638c62a82289ec978101743.jpg",
      "images": [
        "https://i.pinimg.com/236x/3d/e3/e3/3de3e3bcbba5f9342c202c7f542a7f10.jpg",
        "https://i.pinimg.com/236x/c7/73/15/c773159e1f5d239f554721c890a1b0df.jpg",
        "https://i.pinimg.com/236x/df/e2/97/dfe2974ac762e18260aa529516da6474.jpg",
        "https://i.pinimg.com/236x/98/db/df/98dbdfe25142b4d348a0ddf04c6b8115.jpg"
      ]
    },
    {
      "id": 34,
      "title": "Oolong Milk Tea",
      "description": "A delightful oolong milk tea, offering a unique blend of oolong tea and creamy milk for a balanced taste.",
      "price": 43000,
      "discountPercentage": 0,
      "rating": 4.6,
      "stock": 25,
      "brand": "Tea Elegance",
      "category": "Milk Tea",
      "Quantity": 22,
      "thumbnail": "https://i.pinimg.com/236x/41/47/e0/4147e0ba55b6c37b7ec4fed1eb73fec3.jpg",
      "images": [
        "https://i.pinimg.com/236x/22/90/72/2290724cfed4b034a83310cdb0abbf9c.jpg",
        "https://i.pinimg.com/236x/a5/c9/94/a5c9947a9ef21c1374499114cc49c417.jpg",
        "https://i.pinimg.com/736x/b0/99/ec/b099ec725ae500c975e93deacfe5e7eb.jpg",
        "https://i.pinimg.com/236x/bf/26/c4/bf26c40b9d58929d55509bcf30b8d898.jpg"
      ]
    },
    {
      "id": 35,
      "title": "Taro Milk Tea",
      "description": "Indulge in the rich and creamy goodness of taro milk tea, a delightful beverage that combines the earthy flavors of taro with sweet milk.",
      "price": 50000,
      "discountPercentage": 50,
      "rating": 4.8,
      "stock": 30,
      "brand": "Tea Delights",
      "category": "Milk Tea",
      "Quantity": 22,
      "thumbnail": "https://i.pinimg.com/236x/b0/1d/d9/b01dd9eb8447ce651a4185d5104eb915.jpg",
      "images": [
        "https://i.pinimg.com/236x/65/f2/35/65f2354e9ec230e868a2f6fb60a2d431.jpg",
        "https://i.pinimg.com/236x/59/53/5d/59535d1cd185f46d6f1100c9ae929fb7.jpg",
        "https://i.pinimg.com/236x/b0/1d/d9/b01dd9eb8447ce651a4185d5104eb915.jpg",
        "https://i.pinimg.com/236x/3a/de/67/3ade674d41c535672fbe99a41335a432.jpg"
      ]
    },
    {
      "id": 36,
      "title": "Hokkaido Milk Tea",
      "description": "Experience the essence of Hokkaido with our delightful Hokkaido milk tea. This creamy tea is a delightful blend of premium tea leaves and the richness of Hokkaido milk.",
      "price": 55000,
      "discountPercentage": 0,
      "rating": 4.9,
      "stock": 25,
      "brand": "Tea Delights",
      "category": "Milk Tea",
      "Quantity": 22,
      "thumbnail": "https://i.pinimg.com/236x/aa/f1/1b/aaf11bf77a8fb4cc9e110fa2f3d55f1b.jpg",
      "images": [
        "https://i.pinimg.com/236x/51/d9/bf/51d9bf02b2a7739befd8f235d63ee364.jpg",
        "https://i.pinimg.com/236x/8b/91/9c/8b919c73ebf1485e75476eb3db04bac0.jpg",
        "https://i.pinimg.com/236x/8f/37/da/8f37da690133d4edcd4ecc600595cb89.jpg",
        "https://i.pinimg.com/236x/fb/28/db/fb28db1f962a43bd3225b3bd681957e9.jpg"
      ]
    },
    {
      "id": 37,
      "title": "Chocolate Milk Tea",
      "description": "Indulge in the delightful combination of rich chocolate and premium tea with our Chocolate Milk Tea. It's a sweet and creamy treat for chocolate lovers.",
      "price": 42000,
      "discountPercentage": 0,
      "rating": 4.8,
      "stock": 30,
      "brand": "Tea Delights",
      "category": "Milk Tea",
      "Quantity": 22,
      "thumbnail": "https://i.pinimg.com/236x/c0/7f/60/c07f60bbd7accf7bae89a5167c636b21.jpg",
      "images": [
        "https://i.pinimg.com/236x/c2/c9/1c/c2c91c4ca7238e6a8e491686c63cfb18.jpg",
        "https://i.pinimg.com/236x/dd/e2/1c/dde21c7b493a2b7444ec8f75f386ca0f.jpg",
        "https://i.pinimg.com/236x/08/70/90/087090785c703c4f83eacd15de5fc472.jpg",
        "https://i.pinimg.com/236x/de/bb/01/debb01ca71c746cd06926c0cbcf274ac.jpg"
      ]
    },
    {
      "id": 38,
      "title": "Merlot Red Wine",
      "description": "Enjoy the rich and velvety taste of Merlot Red Wine. This wine is perfect for a romantic evening or a special celebration.",
      "price": 420000,
      "discountPercentage": 20,
      "rating": 4.9,
      "stock": 25,
      "brand": "Vineyard Elegance",
      "category": "Wine",
      "Quantity": 22,
      "thumbnail": "https://i.pinimg.com/236x/8e/3b/61/8e3b613b99c51127e465edd6f60662c9.jpg",
      "images": [
        "https://i.pinimg.com/236x/75/ed/53/75ed5301277e4594a4c5fc448c634497.jpg",
        "https://i.pinimg.com/236x/8e/3b/61/8e3b613b99c51127e465edd6f60662c9.jpg",
        "https://i.pinimg.com/236x/e3/da/66/e3da66669d8a4cb52bb8cae433566e73.jpg",
        "https://i.pinimg.com/236x/06/47/83/064783ea0c135c2c0967557bb3cefe2b.jpg"
      ]
    },
    {
      "id": 39,
      "title": "Chardonnay White Wine",
      "description": "Savor the crisp and refreshing taste of Chardonnay White Wine. It's the perfect choice for a sunny afternoon or a delightful dinner.",
      "price": 690000,
      "discountPercentage": 30,
      "rating": 4.8,
      "stock": 30,
      "brand": "Golden Vineyards",
      "category": "Wine",
      "Quantity": 22,
      "thumbnail": "https://i.pinimg.com/236x/b5/dd/9c/b5dd9ce2a60f11e51a756371aaa4a647.jpg",
      "images": [
        "https://i.pinimg.com/236x/46/ef/df/46efdfd9153eff27cca18e96782e65f6.jpg",
        "https://i.pinimg.com/236x/6e/e0/2d/6ee02dfa74f76646b6f0b40755e9390b.jpg",
        "https://i.pinimg.com/236x/23/31/84/233184012583c3af3f3de1634eebb577.jpg",
        "https://i.pinimg.com/236x/41/d5/e9/41d5e9707a7edb370c09a8a9858fa1e9.jpg"
      ]
    },
    {
      "id": 40,
      "title": "Ruby Port Fortified Wine",
      "description": "Experience the rich and robust flavors of Ruby Port Fortified Wine. This fortified wine is perfect for sipping after a meal or as an accompaniment to desserts.",
      "price": 840000,
      "discountPercentage": 20,
      "rating": 4.8,
      "stock": 18,
      "brand": "Vineyard Select",
      "category": "Wine",
      "Quantity": 22,
      "thumbnail": "https://i.pinimg.com/564x/40/96/4c/40964c1c0528a09da047cb16d7694b14.jpg",
      "images": [
        "https://i.pinimg.com/236x/c2/75/37/c27537d70691b6b6f9d992c63f183556.jpg",
        "https://i.pinimg.com/236x/6a/45/2a/6a452ad8c07e4ecb1dc7f795cde870ba.jpg",
        "https://i.pinimg.com/236x/7c/45/b2/7c45b2caedc8068f99717a04a5b0f38a.jpg",
        "https://i.pinimg.com/236x/40/96/4c/40964c1c0528a09da047cb16d7694b14.jpg"
      ]
    },
    {
      "id": 41,
      "title": "French Brut Champagne",
      "description": "Experience the elegance and sophistication of French Brut Champagne. This sparkling wine is perfect for celebrations and special occasions.",
      "price": 1230000,
      "discountPercentage": 30,
      "rating": 4.9,
      "stock": 12,
      "brand": "Château de Champagne",
      "category": "Wine",
      "Quantity": 22,
      "thumbnail": "https://i.pinimg.com/236x/d8/cb/86/d8cb86851dad4b86bbf7b2a9f8f14ca6.jpg",
      "images": [
        "https://i.pinimg.com/236x/5b/56/1a/5b561ad1ecba9b090fdf4b1cabf7f980.jpg",
        "https://i.pinimg.com/236x/6f/f1/58/6ff158386fa6bd1835568864bc048aec.jpg",
        "https://i.pinimg.com/236x/0d/91/3d/0d913d7762c528552eebf39ec897f9a0.jpg",
        "https://i.pinimg.com/236x/e5/10/3d/e5103d3207fe2d0844e5abcff3e1592d.jpg"
      ]
    },
    {
      "id": 42,
      "title": "Sweet Moscato Dessert Wine",
      "description": "Indulge in the sweet and fruity flavors of our Sweet Moscato Dessert Wine. It's the perfect way to end a meal or to enjoy as a dessert on its own.",
      "price": 450000,
      "discountPercentage": 15,
      "rating": 4.2,
      "stock": 25,
      "brand": "Vineyard Delights",
      "category": "Wine",
      "Quantity": 22,
      "thumbnail": "https://i.pinimg.com/236x/b8/6f/b8/b86fb80f1595ab2c107c0cb97f44172a.jpg",
      "images": [
        "https://i.pinimg.com/236x/06/29/89/062989d8176d04877617980c0f825095.jpg",
        "https://i.pinimg.com/236x/3a/9e/b9/3a9eb91eb85f1aac71786e0a22f13258.jpg",
        "https://i.pinimg.com/236x/0e/b0/33/0eb0330ef0413c03902866e275d25e59.jpg",
        "https://i.pinimg.com/236x/b7/eb/2b/b7eb2b8f0f00cbc326262c2480b27f4a.jpg"
      ]
    },
    {
      "id": 43,
      "title": "Sparkling Lemon Lime Soda",
      "description": "Experience the refreshing and zesty taste of our Sparkling Lemon Lime Soda. It's the perfect choice for a cool, fizzy beverage on a hot day.",
      "price": 25000,
      "discountPercentage": 0,
      "rating": 4.5,
      "stock": 60,
      "brand": "Fizzy Delights",
      "category": "Soft Drinks",
      "Quantity": 22,
      "thumbnail": "https://i.pinimg.com/236x/6b/4d/f4/6b4df4db24f601c3e2281aeedb7ab1d7.jpg",
      "images": [
        "https://i.pinimg.com/236x/c7/5d/cf/c75dcf5778cdc8cdfd20fc6c392a0da3.jpg",
        "https://i.pinimg.com/236x/34/1a/8a/341a8ad86a37daaf2c952b5c1659c095.jpg",
        "https://i.pinimg.com/236x/49/53/42/4953423cc1e9c1bfb9552b41f164ba0c.jpg",
        "https://i.pinimg.com/236x/6b/4d/f4/6b4df4db24f601c3e2281aeedb7ab1d7.jpg"
      ]
    },
    {
      "id": 44,
      "title": "Grape Flavored Soda",
      "description": "Indulge in the sweet and fruity taste of our Grape Flavored Soda. It's the perfect companion for your relaxation time.",
      "price": 20000,
      "discountPercentage": 10,
      "rating": 4.2,
      "stock": 45,
      "brand": "Fizzy Delights",
      "category": "Soft Drinks",
      "Quantity": 22,
      "thumbnail": "https://i.pinimg.com/236x/3a/49/83/3a49833e1005692cf8b32b6472efd6ea.jpg",
      "images": [
        "https://i.pinimg.com/236x/b0/65/fe/b065fe8f6aa24c3ee8540ecf0c0339a6.jpg",
        "https://i.pinimg.com/236x/34/1a/8a/341a8ad86a37daaf2c952b5c1659c095.jpg",
        "https://i.pinimg.com/236x/49/53/42/4953423cc1e9c1bfb9552b41f164ba0c.jpg",
        "https://i.pinimg.com/236x/6b/4d/f4/6b4df4db24f601c3e2281aeedb7ab1d7.jpg"
      ]
    },
    {
      "id": 45,
      "title": "Coca Cola",
      "description": "Enjoy the classic taste of Coca Cola. It's a refreshing and iconic soft drink loved all around the world.",
      "price": 15000,
      "discountPercentage": 5,
      "rating": 4.8,
      "stock": 120,
      "brand": "Coca Cola Company",
      "category": "Soft Drinks",
      "Quantity": 22,
      "thumbnail": "https://i.pinimg.com/236x/3d/3a/43/3d3a432abbd2c5c834c413e56781692f.jpg",
      "images": [
        "https://i.pinimg.com/236x/33/ab/fb/33abfb6553c67ea63e792039edd5d1f6.jpg",
        "https://i.pinimg.com/236x/b6/95/c3/b695c35d2feeba11ec91c563c9d353c4.jpg",
        "https://i.pinimg.com/236x/8c/b0/20/8cb020babaeb7586ac0f70c89dae9b06.jpg",
        "https://i.pinimg.com/236x/3d/3a/43/3d3a432abbd2c5c834c413e56781692f.jpg"
      ]
    },
    {
      "id": 46,
      "title": "Sprite",
      "description": "Sprite is a lemon-lime flavored soft drink. It's a cool, crisp, and refreshing beverage.",
      "price": 9000,
      "discountPercentage": 0,
      "rating": 4.5,
      "stock": 100,
      "brand": "The Coca-Cola Company",
      "category": "Soft Drinks",
      "Quantity": 22,
      "thumbnail": "https://i.pinimg.com/236x/da/29/54/da29549b7fd367669b7d8502d9d0028c.jpg",
      "images": [
        "https://i.pinimg.com/236x/2c/04/0c/2c040c9d12bfe3dcc4b05e43637b2692.jpg",
        "https://i.pinimg.com/236x/72/01/c0/7201c08bb76d083783f16b0e03e80430.jpg",
        "https://i.pinimg.com/236x/e2/4e/40/e24e40f985488e44e4a8e774030eb010.jpg",
        "https://i.pinimg.com/236x/da/29/54/da29549b7fd367669b7d8502d9d0028c.jpg"
      ]
    },
    {
      "id": 47,
      "title": "Pepsi",
      "description": "Pepsi is a classic cola soft drink known for its bold and refreshing taste.",
      "price": 8000,
      "discountPercentage": 0,
      "rating": 4.4,
      "stock": 90,
      "brand": "PepsiCo",
      "category": "Soft Drinks",
      "Quantity": 22,
      "thumbnail": "https://i.pinimg.com/236x/be/27/38/be273814928f6885a49504f6b80ec82f.jpg",
      "images": [
        "https://i.pinimg.com/236x/36/9f/b1/369fb16d87c7a113d99b86a5b37c7f1f.jpg",
        "https://i.pinimg.com/236x/df/f5/ff/dff5ffd49e405b12e93abbbb0d7300cb.jpg",
        "https://i.pinimg.com/236x/be/27/38/be273814928f6885a49504f6b80ec82f.jpg",
        "https://i.pinimg.com/236x/aa/30/f4/aa30f4c992ea0945145eaf357a074fa0.jpg"
      ]
    },
    {
      "id": 48,
      "title": "Mirinda",
      "description": "Mirinda is a popular fruity and carbonated soft drink, known for its great taste and vibrant flavors.",
      "price": 8000,
      "discountPercentage": 0,
      "rating": 4.6,
      "stock": 85,
      "brand": "PepsiCo",
      "category": "Soft Drinks",
      "Quantity": 22,
      "thumbnail": "https://i.pinimg.com/236x/00/73/65/007365c45b8ce08f2d7a35943d138808.jpg",
      "images": [
        "https://i.pinimg.com/236x/94/70/c0/9470c0a67553339f41c7424f9a456afd.jpg",
        "https://i.pinimg.com/236x/3e/eb/c8/3eebc81074805faf2ef147cb7648048c.jpg",
        "https://i.pinimg.com/236x/91/05/af/9105af4c2befdce2770d3d53f6b2452d.jpg",
        "https://i.pinimg.com/236x/95/d4/f5/95d4f561cbeb009f4270e32a9f3cfe24.jpg"
      ]
    },
    {
      "id": 49,
      "title": "7 Up",
      "description": "7 Up is a popular lemon-lime flavored carbonated soft drink, known for its crisp and refreshing taste.",
      "price": 8000,
      "discountPercentage": 0,
      "rating": 4.5,
      "stock": 78,
      "brand": "Dr Pepper Snapple Group",
      "category": "Soft Drinks",
      "Quantity": 22,
      "thumbnail": "https://i.pinimg.com/236x/ec/98/98/ec98980503e517b815298414f556fc56.jpg",
      "images": [
        "https://i.pinimg.com/236x/ec/b7/3c/ecb73c61f1dd0a8938962ddc3ee01334.jpg",
        "https://i.pinimg.com/236x/91/05/d0/9105d02488420521a553dab44e612a07.jpg",
        "https://i.pinimg.com/236x/06/78/f6/0678f622dc036ad273e97201e24b39db.jpg",
        "https://i.pinimg.com/236x/ec/98/98/ec98980503e517b815298414f556fc56.jpg"
      ]
    },
    {
      "id": 50,
      "title": "Thums Up",
      "description": "Thums Up is a popular carbonated soft drink with a unique, strong, and cola-like flavor.",
      "price": 12000,
      "discountPercentage": 0,
      "rating": 4.4,
      "stock": 65,
      "brand": "The Coca-Cola Company",
      "category": "Soft Drinks",
      "Quantity": 22,
      "thumbnail": "https://i.pinimg.com/236x/3c/03/f0/3c03f00552dd07a4403ef2955a312968.jpg",
      "images": [
        "https://i.pinimg.com/236x/ab/bf/0f/abbf0f9dec925553bfaf6e10cfe0e821.jpg",
        "https://i.pinimg.com/236x/48/0f/2d/480f2d880687c882fc1096e8c11a14e9.jpg",
        "https://i.pinimg.com/236x/ab/bf/0f/abbf0f9dec925553bfaf6e10cfe0e821.jpg",
        "https://i.pinimg.com/236x/48/0f/2d/480f2d880687c882fc1096e8c11a14e9.jpg"
      ]
    }
  ],
  "category": [
    {
      "id": 1,
      "cate": "Fruit Juice",
      "icon": "https://i.pinimg.com/236x/4b/75/17/4b7517e674a877ae336161d8abc1515f.jpg"
    },
    {
      "id": 2,
      "cate": "Fruit Smoothie",
      "icon": "https://i.pinimg.com/236x/c3/c3/3a/c3c33a806a97cdfbb5d961b369daa45a.jpg"
    },
    {
      "id": 3,
      "cate": "Coffee Beverages",
      "icon": "https://i.pinimg.com/236x/68/cc/2e/68cc2e285303d7ec54487587ea5bd12e.jpg"
    },
    {
      "id": 4,
      "cate": "Milk Tea",
      "icon": "https://i.pinimg.com/236x/54/5a/25/545a25506e51d79ff763fdbc76cc44a9.jpg"
    },
    {
      "id": 5,
      "cate": "Wine",
      "icon": "https://i.pinimg.com/236x/aa/e9/7d/aae97d012303e32a26e1743a61eed61e.jpg"
    },
    {
      "id": 6,
      "cate": "Soft Drinks",
      "icon": "https://i.pinimg.com/236x/79/6c/34/796c34906c9111f02f41a319298a261b.jpg"
    }
  ],
  "cart": [
    {
      "userId": 1,
      "product": [],
      "id": 1
    },
    {
      "userId": 2,
      "product": [],
      "id": 2
    }
  ],
  "information": [
    {
      "name": "admindepzai",
      "email": "admin@gmail.com",
      "phone": "0815097908",
      "gender": "male",
      "userId": 2,
      "id": 2
    },
    {
      "name": "admindepzai",
      "email": "admin@gmail.com",
      "phone": "0399038165",
      "gender": "male",
      "userId": 1,
      "id": 3
    }
  ],
  "shipping": [
    {
      "userId": 1,
      "delivery": [
        {
          "address": "93 Hồ Văn Huê, phường 9, phú nhuận",
          "fullName": "sohnawf",
          "phoneNumber": "0399038165",
          "defaultAddress": true
        }
      ],
      "id": 2
    }
  ],
  "purchase": [
    {
      "orderStep": 0,
      "date": "2023-11-17 16:06:30",
      "userId": 1,
      "thanhtoan": [
        {
          "id": 8,
          "img": "https://i.pinimg.com/236x/9b/a4/06/9ba4062b81fabae428597348b63dc7e3.jpg",
          "title": "Mango Tango Juice",
          "dongia": 36000,
          "soluong": 1,
          "thanhtien": 36000
        },
        {
          "id": 7,
          "img": "https://i.pinimg.com/236x/ab/4d/bf/ab4dbf38511651da712fb3f85d4d11f5.jpg",
          "title": "Watermelon Juice",
          "dongia": 27000,
          "soluong": 1,
          "thanhtien": 27000
        },
        {
          "id": 35,
          "img": "https://i.pinimg.com/236x/b0/1d/d9/b01dd9eb8447ce651a4185d5104eb915.jpg",
          "title": "Taro Milk Tea",
          "dongia": 25000,
          "soluong": 1,
          "thanhtien": 25000
        },
        {
          "id": 20,
          "img": "https://i.pinimg.com/236x/4d/7a/6f/4d7a6fa6fabd931a57161c7b1bb8f725.jpg",
          "title": "Caramel Macchiato",
          "dongia": 46750,
          "soluong": 1,
          "thanhtien": 46750
        }
      ],
      "id": 1
    }
  ],
  "notification": [
    {
      "idProduct": 123,
      "date": 123,
      "thumbnail": 123,
      "title": "7 Up",
      "discountPercentage": 10,
      "message": "Thanh dau buoi"
    }
  ]
}